title,price_inr
The Death of Humanity: and the Case for Life,6130.6
Slow States of Collapse: Poems,6046.2
"Our Band Could Be Your Life: Scenes from the American Indie Underground, 1981-1991",6039.88
The Past Never Ends,5960.75
"The Pioneer Woman Cooks: Dinnertime: Comfort Classics, Freezer Food, 16-Minute Meals, and Other Delicious Ways to Solve Supper!",5951.25
Masks and Shadows,5950.2
The Secret of Dreadwillow Carse,5921.72
The Electric Pencil: Drawings from Inside State Hospital No. 3,5914.33
Birdsong: A Story in Pictures,5764.52
Sapiens: A Brief History of Humankind,5721.26
The Murder That Never Was (Forensic Instincts #5),5708.6
Judo: Seven Steps to Black Belt (an Introductory Guide for Beginners),5686.45
Tipping the Velvet,5669.57
Aladdin and His Wonderful Lamp,5605.22
Scott Pilgrim's Precious Little Life (Scott Pilgrim #1),5516.6
Behind Closed Doors,5509.21
The Black Maria,5501.82
A Light in the Attic,5461.74
Libertarianism for Beginners,5415.32
"Saga, Volume 5 (Saga (Collected Editions) #5)",5384.72
"Rat Queens, Vol. 3: Demons (Rat Queens (Collected Editions) #11-15)",5317.2
"We Love You, Charlie Freeman",5303.48
Soumission,5285.55
"The Bulletproof Diet: Lose up to a Pound a Day, Reclaim Energy and Focus, Upgrade Your Life",5174.77
orange: The Complete Collection 1 (orange: The Complete Collection #1),5107.25
Sharp Objects,5045.01
Private Paris (Private #10),5022.85
"Lumberjanes, Vol. 2: Friendship to the Max (Lumberjanes #5-8)",4949.0
Online Marketing for Busy Authors: A Step-By-Step Guide,4889.92
"Lumberjanes, Vol. 1: Beware the Kitten Holy (Lumberjanes #1-4)",4811.85
The Natural History of Us (The Fine Art of Pretending #2),4770.71
It's Only the Himalayas,4765.44
Without Borders (Wanderlove #1),4754.88
Wall and Piece,4660.99
"Unseen City: The Majesty of Pigeons, the Discreet Charm of Snails & Other Wonders of the Urban Wilderness",4660.99
The Most Perfect Thing: Inside (and Outside) a Bird's Egg,4532.28
Spark Joy: An Illustrated Master Class on the Art of Organizing and Tidying Up,4413.06
The Art Forger,4300.18
Worlds Elsewhere: Journeys Around Shakespeareâs Globe,4251.65
"Layered: Baking, Building, and Styling Spectacular Cakes",4231.6
Soul Reader,4175.69
Security,4140.88
The Nameless City (The Nameless City #1),4025.88
Mesaerion: The Best Science Fiction Stories 1800-1849,3965.75
How Music Works,3937.26
The Gutsy Girl: Escapades for Your Life of Epic Adventure,3917.22
The Bear and the Piano,3891.9
"Political Suicide: Missteps, Peccadilloes, Bad Calls, Backroom Hijinx, Sordid Pasts, Rotten Breaks, and Just Plain Dumb Mistakes in the Annals of American Politics",3827.54
Join,3763.19
Rip it Up and Start Again,3694.61
Black Dust,3642.92
You can't bury them all: Poems,3547.96
My Paris Kitchen: Recipes and Stories,3520.54
The Dirty Little Secrets of Getting Your Dream Job,3517.37
Penny Maybe,3512.1
The Activist's Tao Te Ching: Ancient Advice for a Modern Revolution,3401.32
When We Collided,3351.74
Throwing Rocks at the Google Bus: How Growth Became the Enemy of Prosperity,3283.16
The Five Love Languages: How to Express Heartfelt Commitment to Your Mate,3275.78
"Foolproof Preserving: A Guide to Small Batch Jams, Jellies, Pickles, Condiments, and More: A Foolproof Guide to Making Small Batch Jams, Jellies, Pickles, Condiments, and More",3219.86
Reasons to Stay Alive,2786.26
"Unbound: How Eight Technologies Made Us Human, Transformed Society, and Brought Our World to the Brink",2692.36
Chase Me (Paris Nights #2),2665.98
"Saga, Volume 6 (Saga (Collected Editions) #6)",2639.61
"The Mindfulness and Acceptance Workbook for Anxiety: A Guide to Breaking Free from Anxiety, Phobias, and Worry Using Acceptance and Commitment Therapy",2520.4
Olio,2519.34
The Elephant Tree,2513.01
#HigherSelfie: Wake Up Your Life. Free Your Soul. Find Your Tribe.,2438.1
The Requiem Red,2389.57
The Boys in the Boat: Nine Americans and Their Epic Quest for Gold at the 1936 Berlin Olympics,2384.3
America's Cradle of Quarterbacks: Western Pennsylvania's Football Factory from Johnny Unitas to Joe Montana,2373.75
In the Country We Love: My Family Divided,2321.0
Shakespeare's Sonnets,2179.63
"The Inefficiency Assassin: Time Management Tactics for Working Smarter, Not Longer",2172.24
Lumberjanes Vol. 3: A Terrible Plan (Lumberjanes #9-12),2101.56
Reskilling America: Learning to Labor in the Twenty-First Century,2092.06
The Age of Genius: The Seventeenth Century and the Birth of the Modern Mind,2081.52
"In a Dark, Dark Wood",2070.96
This One Summer,2056.19
The Torch Is Passed: A Harding Family Story,2014.0
"Pop Gun War, Volume 1: Gift",2001.33
Unicorn Tracks,1981.29
Maude (1883-1993):She Grew Up with the country,1901.11
"The Coming Woman: A Novel Based on the Life of the Infamous Feminist, Victoria Woodhull",1891.62
The Four Agreements: A Practical Guide to Personal Freedom,1863.13
Set Me Free,1842.03
Thirst,1821.98
The Life-Changing Magic of Tidying Up: The Japanese Art of Decluttering and Organizing,1769.24
Tsubasa: WoRLD CHRoNiCLE 2 (Tsubasa WoRLD CHRoNiCLE #2),1717.54
Sophie's World,1681.67
"Outcast, Vol. 1: A Darkness Surrounds Him (Outcast #1)",1628.92
Obsidian (Lux #1),1567.73
Untitled Collection: Sabbath Poems 2014,1505.48
On a Midnight Clear,1484.38
"Mama Tried: Traditional Italian Cooking for the Screwed, Crude, Vegan, and Tattooed",1479.11
"Starving Hearts (Triangular Trade Trilogy, #1)",1475.94
"Princess Jellyfish 2-in-1 Omnibus, Vol. 01 (Princess Jellyfish 2-in-1 Omnibus #1)",1435.86
Princess Between Worlds (Wide-Awake Princess #5),1407.37
In Her Wake,1354.62
Patience,1071.88
